MarketCap.ps1,2022-10-02 06:00:26.000,NULL
NewsDriver.ps1,2022-10-02 06:00:28.000,2022-10-02 06:01:17.000
News Pull,2022-10-02 06:00:30.000,2022-10-02 06:01:17.000
NewsDriver.ps1,2022-10-02 08:00:22.000,2022-10-02 08:00:41.000
News Pull,2022-10-02 08:00:23.000,2022-10-02 08:00:41.000
NewsDriver.ps1,2022-10-02 09:00:28.000,2022-10-02 10:00:57.000
News Pull,2022-10-02 09:00:30.000,2022-10-02 09:01:05.000
NewsDriver.ps1,2022-10-02 10:00:32.000,2022-10-02 10:00:57.000
News Pull,2022-10-02 10:00:35.000,2022-10-02 10:00:57.000
NewsDriver.ps1,2022-10-02 11:00:20.000,2022-10-02 11:00:43.000
News Pull,2022-10-02 11:00:22.000,2022-10-02 11:00:43.000
NewsDriver.ps1,2022-10-02 12:00:20.000,2022-10-02 12:00:38.000
News Pull,2022-10-02 12:00:22.000,2022-10-02 12:00:38.000
NewsDriver.ps1,2022-10-02 13:00:20.000,2022-10-02 13:00:37.000
News Pull,2022-10-02 13:00:21.000,2022-10-02 13:00:37.000
NewsDriver.ps1,2022-10-02 14:00:15.000,2022-10-02 14:00:43.000
News Pull,2022-10-02 14:00:19.000,2022-10-02 14:00:43.000
NewsDriver.ps1,2022-10-02 15:00:21.000,2022-10-02 15:00:36.000
News Pull,2022-10-02 15:00:23.000,2022-10-02 15:00:36.000
NewsDriver.ps1,2022-10-02 16:00:19.000,2022-10-02 16:00:38.000
News Pull,2022-10-02 16:00:21.000,2022-10-02 16:00:38.000
NewsDriver.ps1,2022-10-02 17:00:06.000,2022-10-02 17:00:47.000
News Pull,2022-10-02 17:00:09.000,2022-10-02 17:00:47.000
NewsDriver.ps1,2022-10-02 18:00:32.000,2022-10-02 18:01:03.000
News Pull,2022-10-02 18:00:33.000,2022-10-02 18:01:03.000
NewsDriver.ps1,2022-10-02 19:00:28.000,2022-10-02 19:00:44.000
News Pull,2022-10-02 19:00:28.000,2022-10-02 19:00:44.000
NewsDriver.ps1,2022-10-02 20:00:27.000,2022-10-02 20:00:49.000
News Pull,2022-10-02 20:00:29.000,2022-10-02 20:00:49.000
RubyDriver.ps1,2022-10-02 20:30:18.000,2022-10-02 20:36:16.000
Full Pull,2022-10-02 20:30:22.000,2022-10-02 20:36:16.000
GetPersonnelPics.ps1,2022-10-02 21:30:17.000,2022-10-02 21:30:21.000
\Scheduled\Foundation\FoundationSync.ps1,2022-10-02 23:00:20.000,2022-10-03 00:16:28.000
NewsDriver.ps1,2022-10-03 06:00:28.000,2022-10-03 06:01:00.000
News Pull,2022-10-03 06:00:29.000,2022-10-03 06:01:00.000
NewsDriver.ps1,2022-10-03 07:01:28.000,2022-10-03 07:03:40.000
News Pull,2022-10-03 07:01:38.000,2022-10-03 07:03:40.000
NewsDriver.ps1,2022-10-03 08:00:19.000,2022-10-03 08:00:32.000
News Pull,2022-10-03 08:00:21.000,2022-10-03 08:00:32.000
NewsDriver.ps1,2022-10-03 09:00:06.000,2022-10-03 09:00:15.000
News Pull,2022-10-03 09:00:07.000,2022-10-03 09:00:15.000
NewsDriver.ps1,2022-10-03 16:55:41.000,2022-10-03 16:55:53.000
News Pull,2022-10-03 16:55:41.000,2022-10-03 16:55:53.000
NewsDriver.ps1,2022-10-03 17:05:43.000,2022-10-03 17:05:54.000
News Pull,2022-10-03 17:05:44.000,2022-10-03 17:05:54.000
NewsDriver.ps1,2022-10-03 18:00:06.000,2022-10-03 18:00:16.000
News Pull,2022-10-03 18:00:07.000,2022-10-03 18:00:16.000
NewsDriver.ps1,2022-10-03 19:00:05.000,2022-10-03 19:00:17.000
News Pull,2022-10-03 19:00:06.000,2022-10-03 19:00:17.000
NewsDriver.ps1,2022-10-03 20:00:06.000,2022-10-03 20:00:15.000
News Pull,2022-10-03 20:00:07.000,2022-10-03 20:00:15.000
RubyDriver.ps1,2022-10-03 20:30:17.000,2022-10-03 20:36:45.000
Full Pull,2022-10-03 20:30:23.000,2022-10-03 20:36:45.000
GetPersonnelPics.ps1,2022-10-03 21:30:03.000,2022-10-03 21:30:16.000
\Scheduled\Foundation\FoundationSync.ps1,2022-10-03 23:00:09.000,2022-10-04 00:12:46.000
NewsDriver.ps1,2022-10-04 06:00:24.000,2022-10-04 06:00:41.000
News Pull,2022-10-04 06:00:25.000,2022-10-04 06:00:41.000
NewsDriver.ps1,2022-10-04 07:00:06.000,2022-10-04 07:00:14.000
News Pull,2022-10-04 07:00:06.000,2022-10-04 07:00:14.000
NewsDriver.ps1,2022-10-04 08:00:20.000,2022-10-04 08:00:28.000
News Pull,2022-10-04 08:00:21.000,2022-10-04 08:00:28.000
NewsDriver.ps1,2022-10-04 09:05:07.000,2022-10-04 09:05:16.000
News Pull,2022-10-04 09:05:08.000,2022-10-04 09:05:16.000
NewsDriver.ps1,2022-10-04 10:00:24.000,2022-10-04 10:00:35.000
News Pull,2022-10-04 10:00:24.000,2022-10-04 10:00:35.000
NewsDriver.ps1,2022-10-04 11:00:23.000,2022-10-04 11:00:33.000
News Pull,2022-10-04 11:00:24.000,2022-10-04 11:00:33.000
NewsDriver.ps1,2022-10-04 12:00:07.000,2022-10-04 12:00:15.000
News Pull,2022-10-04 12:00:07.000,2022-10-04 12:00:15.000
NewsDriver.ps1,2022-10-04 13:05:03.000,2022-10-04 13:05:11.000
News Pull,2022-10-04 13:05:03.000,2022-10-04 13:05:11.000
NewsDriver.ps1,2022-10-04 13:25:45.000,2022-10-04 13:25:54.000
News Pull,2022-10-04 13:25:46.000,2022-10-04 13:25:54.000
NewsDriver.ps1,2022-10-04 14:00:07.000,2022-10-04 14:00:18.000
News Pull,2022-10-04 14:00:07.000,2022-10-04 14:00:18.000
NewsDriver.ps1,2022-10-04 15:00:16.000,2022-10-04 15:00:27.000
News Pull,2022-10-04 15:00:18.000,2022-10-04 15:00:27.000
NewsDriver.ps1,2022-10-04 16:00:07.000,2022-10-04 16:00:15.000
News Pull,2022-10-04 16:00:07.000,2022-10-04 16:00:15.000
NewsDriver.ps1,2022-10-04 17:00:04.000,2022-10-04 17:00:13.000
News Pull,2022-10-04 17:00:04.000,2022-10-04 17:00:13.000
NewsDriver.ps1,2022-10-04 18:00:04.000,2022-10-04 18:00:15.000
News Pull,2022-10-04 18:00:05.000,2022-10-04 18:00:15.000
NewsDriver.ps1,2022-10-04 19:00:16.000,2022-10-04 19:00:25.000
News Pull,2022-10-04 19:00:17.000,2022-10-04 19:00:25.000
NewsDriver.ps1,2022-10-04 20:00:19.000,2022-10-04 20:00:29.000
News Pull,2022-10-04 20:00:20.000,2022-10-04 20:00:29.000
RubyDriver.ps1,2022-10-04 20:30:25.000,2022-10-04 20:36:05.000
Full Pull,2022-10-04 20:30:29.000,2022-10-04 20:36:05.000
GetPersonnelPics.ps1,2022-10-04 21:30:15.000,2022-10-04 21:30:20.000
\Scheduled\Foundation\FoundationSync.ps1,2022-10-04 23:00:09.000,2022-10-05 00:10:47.000
NewsDriver.ps1,2022-10-05 06:00:31.000,2022-10-05 06:00:52.000
News Pull,2022-10-05 06:00:33.000,2022-10-05 06:00:52.000
NewsDriver.ps1,2022-10-05 07:05:14.000,2022-10-05 07:05:23.000
News Pull,2022-10-05 07:05:15.000,2022-10-05 07:05:23.000
NewsDriver.ps1,2022-10-05 08:00:25.000,2022-10-05 08:00:37.000
News Pull,2022-10-05 08:00:25.000,2022-10-05 08:00:37.000
NewsDriver.ps1,2022-10-05 09:05:11.000,2022-10-05 09:05:21.000
News Pull,2022-10-05 09:05:12.000,2022-10-05 09:05:21.000
NewsDriver.ps1,2022-10-05 10:00:29.000,2022-10-05 10:00:42.000
News Pull,2022-10-05 10:00:30.000,2022-10-05 10:00:42.000
NewsDriver.ps1,2022-10-05 11:00:03.000,2022-10-05 11:00:25.000
News Pull,2022-10-05 11:00:04.000,2022-10-05 11:00:25.000
NewsDriver.ps1,2022-10-05 12:00:24.000,2022-10-05 12:00:40.000
News Pull,2022-10-05 12:00:26.000,2022-10-05 12:00:40.000
NewsDriver.ps1,2022-10-05 13:00:04.000,2022-10-05 13:00:23.000
News Pull,2022-10-05 13:00:04.000,2022-10-05 13:00:23.000
NewsDriver.ps1,2022-10-05 14:00:18.000,2022-10-05 14:00:31.000
News Pull,2022-10-05 14:00:19.000,2022-10-05 14:00:31.000
NewsDriver.ps1,2022-10-05 15:00:04.000,2022-10-05 15:00:16.000
News Pull,2022-10-05 15:00:05.000,2022-10-05 15:00:16.000
NewsDriver.ps1,2022-10-05 16:00:08.000,2022-10-05 16:00:18.000
News Pull,2022-10-05 16:00:09.000,2022-10-05 16:00:18.000
NewsDriver.ps1,2022-10-05 17:00:06.000,2022-10-05 17:00:20.000
News Pull,2022-10-05 17:00:07.000,2022-10-05 17:00:20.000
NewsDriver.ps1,2022-10-05 18:00:22.000,2022-10-05 18:00:33.000
News Pull,2022-10-05 18:00:23.000,2022-10-05 18:00:33.000
NewsDriver.ps1,2022-10-05 19:00:05.000,2022-10-05 19:00:26.000
News Pull,2022-10-05 19:00:06.000,2022-10-05 19:00:26.000
NewsDriver.ps1,2022-10-05 20:00:13.000,2022-10-05 20:00:26.000
News Pull,2022-10-05 20:00:14.000,2022-10-05 20:00:26.000
RubyDriver.ps1,2022-10-05 20:30:20.000,2022-10-05 20:36:29.000
Full Pull,2022-10-05 20:30:27.000,2022-10-05 20:36:29.000
GetPersonnelPics.ps1,2022-10-05 21:30:19.000,2022-10-05 21:30:21.000
\Scheduled\Foundation\FoundationSync.ps1,2022-10-05 23:00:18.000,2022-10-06 00:12:54.000
NewsDriver.ps1,2022-10-06 06:00:23.000,2022-10-06 06:00:39.000
News Pull,2022-10-06 06:00:24.000,2022-10-06 06:00:39.000
NewsDriver.ps1,2022-10-06 07:00:11.000,2022-10-06 07:00:23.000
News Pull,2022-10-06 07:00:12.000,2022-10-06 07:00:23.000
NewsDriver.ps1,2022-10-06 08:00:25.000,2022-10-06 08:00:33.000
News Pull,2022-10-06 08:00:26.000,2022-10-06 08:00:33.000
NewsDriver.ps1,2022-10-06 09:00:19.000,2022-10-06 09:00:31.000
News Pull,2022-10-06 09:00:20.000,2022-10-06 09:00:31.000
NewsDriver.ps1,2022-10-06 10:00:03.000,2022-10-06 10:00:28.000
News Pull,2022-10-06 10:00:04.000,2022-10-06 10:00:28.000
NewsDriver.ps1,2022-10-06 11:05:15.000,2022-10-06 11:05:22.000
News Pull,2022-10-06 11:05:15.000,2022-10-06 11:05:22.000
NewsDriver.ps1,2022-10-06 12:00:04.000,2022-10-06 12:00:14.000
News Pull,2022-10-06 12:00:05.000,2022-10-06 12:00:13.000
RubyDriver.ps1,2022-10-06 13:02:49.000,2022-10-06 13:03:14.000
Full Pull,2022-10-06 13:02:51.000,2022-10-06 13:03:14.000
NewsDriver.ps1,2022-10-06 13:05:12.000,2022-10-06 13:05:20.000
News Pull,2022-10-06 13:05:13.000,2022-10-06 13:05:20.000
RubyDriver.ps1,2022-10-06 13:21:02.000,2022-10-06 13:21:27.000
Full Pull,2022-10-06 13:21:03.000,2022-10-06 13:21:27.000
RubyDriver.ps1,2022-10-06 13:21:03.000,2022-10-06 13:21:27.000
Full Pull,2022-10-06 13:21:05.000,2022-10-06 13:21:27.000
NewsDriver.ps1,2022-10-06 14:00:05.000,2022-10-06 14:00:32.000
News Pull,2022-10-06 14:00:06.000,2022-10-06 14:00:32.000
NewsDriver.ps1,2022-10-06 15:00:18.000,2022-10-06 15:00:33.000
News Pull,2022-10-06 15:00:20.000,2022-10-06 15:00:33.000
NewsDriver.ps1,2022-10-06 16:00:07.000,2022-10-06 16:00:18.000
News Pull,2022-10-06 16:00:08.000,2022-10-06 16:00:18.000
NewsDriver.ps1,2022-10-06 17:00:26.000,2022-10-06 17:00:43.000
News Pull,2022-10-06 17:00:28.000,2022-10-06 17:00:43.000
NewsDriver.ps1,2022-10-06 18:00:20.000,2022-10-06 18:00:31.000
News Pull,2022-10-06 18:00:21.000,2022-10-06 18:00:30.000
NewsDriver.ps1,2022-10-06 19:00:03.000,2022-10-06 19:00:12.000
News Pull,2022-10-06 19:00:04.000,2022-10-06 19:00:12.000
NewsDriver.ps1,2022-10-06 20:05:09.000,2022-10-06 20:05:16.000
News Pull,2022-10-06 20:05:09.000,2022-10-06 20:05:16.000
RubyDriver.ps1,2022-10-06 20:30:05.000,2022-10-06 20:36:31.000
Full Pull,2022-10-06 20:30:14.000,2022-10-06 20:36:31.000
GetPersonnelPics.ps1,2022-10-06 21:30:12.000,2022-10-06 21:30:20.000
\Scheduled\Foundation\FoundationSync.ps1,2022-10-06 23:00:22.000,2022-10-07 00:16:29.000
NewsDriver.ps1,2022-10-07 06:00:06.000,2022-10-07 06:00:16.000
News Pull,2022-10-07 06:00:07.000,2022-10-07 06:00:16.000
NewsDriver.ps1,2022-10-07 07:00:06.000,2022-10-07 07:00:13.000
News Pull,2022-10-07 07:00:06.000,2022-10-07 07:00:13.000
NewsDriver.ps1,2022-10-07 08:00:09.000,2022-10-07 08:00:19.000
News Pull,2022-10-07 08:00:10.000,2022-10-07 08:00:19.000
NewsDriver.ps1,2022-10-07 09:00:18.000,2022-10-07 09:00:25.000
News Pull,2022-10-07 09:00:18.000,2022-10-07 09:00:25.000
NewsDriver.ps1,2022-10-07 10:00:20.000,2022-10-07 10:00:32.000
News Pull,2022-10-07 10:00:21.000,2022-10-07 10:00:32.000
NewsDriver.ps1,2022-10-07 11:00:04.000,2022-10-07 11:00:14.000
News Pull,2022-10-07 11:00:05.000,2022-10-07 11:00:14.000
NewsDriver.ps1,2022-10-07 12:05:08.000,2022-10-07 12:05:16.000
News Pull,2022-10-07 12:05:09.000,2022-10-07 12:05:15.000
NewsDriver.ps1,2022-10-07 13:00:04.000,2022-10-07 13:00:12.000
News Pull,2022-10-07 13:00:05.000,2022-10-07 13:00:12.000
NewsDriver.ps1,2022-10-07 14:05:10.000,2022-10-07 14:05:14.000
News Pull,2022-10-07 14:05:10.000,2022-10-07 14:05:14.000
NewsDriver.ps1,2022-10-07 15:00:25.000,2022-10-07 15:00:31.000
News Pull,2022-10-07 15:00:27.000,2022-10-07 15:00:31.000
NewsDriver.ps1,2022-10-07 16:00:05.000,2022-10-07 16:00:10.000
News Pull,2022-10-07 16:00:06.000,2022-10-07 16:00:09.000
NewsDriver.ps1,2022-10-07 17:00:11.000,2022-10-07 17:00:15.000
News Pull,2022-10-07 17:00:11.000,2022-10-07 17:00:15.000
NewsDriver.ps1,2022-10-07 18:00:17.000,2022-10-07 18:00:21.000
News Pull,2022-10-07 18:00:17.000,2022-10-07 18:00:21.000
NewsDriver.ps1,2022-10-07 19:00:03.000,2022-10-07 19:00:23.000
News Pull,2022-10-07 19:00:04.000,2022-10-07 19:00:23.000
NewsDriver.ps1,2022-10-07 20:00:16.000,2022-10-07 20:00:21.000
News Pull,2022-10-07 20:00:17.000,2022-10-07 20:00:21.000
RubyDriver.ps1,2022-10-07 20:30:17.000,2022-10-07 20:31:19.000
Full Pull,2022-10-07 20:30:20.000,2022-10-07 20:31:19.000
GetPersonnelPics.ps1,2022-10-07 21:30:14.000,2022-10-07 21:30:18.000
\Scheduled\Foundation\FoundationSync.ps1,2022-10-07 23:00:14.000,2022-10-08 00:18:53.000
NewsDriver.ps1,2022-10-08 06:00:34.000,2022-10-08 06:00:49.000
News Pull,2022-10-08 06:00:37.000,2022-10-08 06:00:48.000
NewsDriver.ps1,2022-10-08 07:05:20.000,2022-10-08 07:05:24.000
News Pull,2022-10-08 07:05:20.000,2022-10-08 07:05:24.000
NewsDriver.ps1,2022-10-08 08:00:05.000,2022-10-08 08:00:10.000
News Pull,2022-10-08 08:00:06.000,2022-10-08 08:00:09.000
NewsDriver.ps1,2022-10-08 09:00:05.000,2022-10-08 09:00:11.000
News Pull,2022-10-08 09:00:06.000,2022-10-08 09:00:11.000
NewsDriver.ps1,2022-10-08 10:00:17.000,2022-10-08 10:00:25.000
News Pull,2022-10-08 10:00:19.000,2022-10-08 10:00:25.000
NewsDriver.ps1,2022-10-08 11:00:10.000,2022-10-08 11:00:29.000
News Pull,2022-10-08 11:00:11.000,2022-10-08 11:00:29.000
NewsDriver.ps1,2022-10-08 12:00:17.000,2022-10-08 12:00:26.000
News Pull,2022-10-08 12:00:18.000,2022-10-08 12:00:25.000
NewsDriver.ps1,2022-10-08 13:00:04.000,2022-10-08 13:00:10.000
News Pull,2022-10-08 13:00:05.000,2022-10-08 13:00:09.000
NewsDriver.ps1,2022-10-08 14:00:18.000,2022-10-08 14:00:25.000
News Pull,2022-10-08 14:00:19.000,2022-10-08 14:00:25.000
NewsDriver.ps1,2022-10-08 15:00:20.000,2022-10-08 15:00:27.000
News Pull,2022-10-08 15:00:21.000,2022-10-08 15:00:27.000
NewsDriver.ps1,2022-10-08 15:14:50.000,2022-10-08 15:14:57.000
News Pull,2022-10-08 15:14:50.000,2022-10-08 15:14:57.000
NewsDriver.ps1,2022-10-08 16:00:09.000,2022-10-08 16:00:26.000
News Pull,2022-10-08 16:00:10.000,2022-10-08 16:00:26.000
NewsDriver.ps1,2022-10-08 17:00:23.000,2022-10-08 17:00:34.000
News Pull,2022-10-08 17:00:25.000,2022-10-08 17:00:34.000
NewsDriver.ps1,2022-10-08 18:00:06.000,2022-10-08 18:00:29.000
News Pull,2022-10-08 18:00:07.000,2022-10-08 18:00:29.000
NewsDriver.ps1,2022-10-08 19:00:22.000,2022-10-08 19:00:32.000
News Pull,2022-10-08 19:00:24.000,2022-10-08 19:00:32.000
NewsDriver.ps1,2022-10-08 20:00:26.000,2022-10-08 20:00:40.000
News Pull,2022-10-08 20:00:27.000,2022-10-08 20:00:40.000
RubyDriver.ps1,2022-10-08 20:30:17.000,2022-10-08 20:32:05.000
Full Pull,2022-10-08 20:30:23.000,2022-10-08 20:32:05.000
GetPersonnelPics.ps1,2022-10-08 21:30:03.000,2022-10-08 21:30:13.000
\Scheduled\Foundation\FoundationSync.ps1,2022-10-08 23:00:21.000,2022-10-09 00:09:27.000
RubyDriver.ps1,2022-10-09 00:45:03.000,2022-10-09 00:46:58.000
Full Pull,2022-10-09 00:45:09.000,2022-10-09 00:46:58.000
RubyDriver.ps1,2022-10-09 00:51:56.000,2022-10-09 01:01:51.000
Full Pull,2022-10-09 00:51:58.000,2022-10-09 01:01:51.000
RubyDriver.ps1,2022-10-09 01:53:07.000,2022-10-09 02:06:16.000
Full Pull,2022-10-09 01:53:09.000,2022-10-09 02:06:16.000
RubyDriver.ps1,2022-10-09 01:59:41.000,2022-10-09 02:06:16.000
Full Pull,2022-10-09 01:59:43.000,2022-10-09 02:06:16.000
NewsDriver.ps1,2022-10-09 06:00:03.000,2022-10-09 06:00:18.000
News Pull,2022-10-09 06:00:04.000,2022-10-09 06:00:17.000
MarketCap.ps1,2022-10-09 06:00:23.000,NULL
NewsDriver.ps1,2022-10-09 07:00:24.000,2022-10-09 07:01:08.000
News Pull,2022-10-09 07:00:42.000,2022-10-09 07:01:08.000
NewsDriver.ps1,2022-10-09 07:49:24.000,2022-10-09 07:49:31.000
News Pull,2022-10-09 07:49:25.000,2022-10-09 07:49:31.000
RubyDriver.ps1,2022-10-09 07:57:30.000,2022-10-09 08:02:41.000
Full Pull,2022-10-09 07:57:32.000,2022-10-09 08:02:41.000
NewsDriver.ps1,2022-10-09 08:05:10.000,2022-10-09 08:05:18.000
News Pull,2022-10-09 08:05:11.000,2022-10-09 08:05:18.000
NewsDriver.ps1,2022-10-09 09:00:17.000,2022-10-09 09:00:34.000
News Pull,2022-10-09 09:00:18.000,2022-10-09 09:00:34.000
RubyDriver.ps1,2022-10-09 09:10:40.000,2022-10-09 09:16:52.000
Full Pull,2022-10-09 09:10:41.000,2022-10-09 09:16:52.000
RubyDriver.ps1,2022-10-09 09:40:30.000,2022-10-09 09:44:38.000
Full Pull,2022-10-09 09:40:32.000,2022-10-09 09:44:38.000
RubyDriver.ps1,2022-10-09 09:41:16.000,2022-10-09 09:44:38.000
Full Pull,2022-10-09 09:41:18.000,2022-10-09 09:44:38.000
NewsDriver.ps1,2022-10-09 09:59:01.000,2022-10-09 09:59:08.000
News Pull,2022-10-09 09:59:01.000,2022-10-09 09:59:08.000
NewsDriver.ps1,2022-10-09 10:00:31.000,2022-10-09 10:00:41.000
News Pull,2022-10-09 10:00:33.000,2022-10-09 10:00:41.000
NewsDriver.ps1,2022-10-09 11:00:04.000,2022-10-09 11:00:23.000
News Pull,2022-10-09 11:00:05.000,2022-10-09 11:00:23.000
NewsDriver.ps1,2022-10-09 12:00:04.000,2022-10-09 12:00:22.000
News Pull,2022-10-09 12:00:05.000,2022-10-09 12:00:22.000
NewsDriver.ps1,2022-10-09 13:00:05.000,2022-10-09 13:00:15.000
News Pull,2022-10-09 13:00:06.000,2022-10-09 13:00:15.000
NewsDriver.ps1,2022-10-09 14:00:27.000,2022-10-09 14:00:44.000
News Pull,2022-10-09 14:00:28.000,2022-10-09 14:00:44.000
NewsDriver.ps1,2022-10-09 15:00:10.000,2022-10-09 15:00:36.000
News Pull,2022-10-09 15:00:12.000,2022-10-09 15:00:36.000
NewsDriver.ps1,2022-10-09 16:00:12.000,2022-10-09 16:00:26.000
News Pull,2022-10-09 16:00:13.000,2022-10-09 16:00:26.000
NewsDriver.ps1,2022-10-09 17:05:10.000,2022-10-09 17:05:17.000
News Pull,2022-10-09 17:05:10.000,2022-10-09 17:05:17.000
NewsDriver.ps1,2022-10-09 18:00:24.000,2022-10-09 18:00:39.000
News Pull,2022-10-09 18:00:26.000,2022-10-09 18:00:39.000
NewsDriver.ps1,2022-10-09 19:00:22.000,2022-10-09 19:00:34.000
News Pull,2022-10-09 19:00:24.000,2022-10-09 19:00:34.000
NewsDriver.ps1,2022-10-09 20:00:23.000,2022-10-09 20:00:37.000
News Pull,2022-10-09 20:00:26.000,2022-10-09 20:00:37.000
GetPersonnelPics.ps1,2022-10-09 21:30:02.000,2022-10-09 21:30:17.000
\Scheduled\Foundation\FoundationSync.ps1,2022-10-09 23:00:15.000,2022-10-10 07:29:52.000
NewsDriver.ps1,2022-10-10 06:00:39.000,2022-10-10 06:00:55.000
News Pull,2022-10-10 06:00:40.000,2022-10-10 06:00:55.000
\Scheduled\Foundation\FoundationSync.ps1,2022-10-10 06:20:15.000,2022-10-10 07:29:52.000
NewsDriver.ps1,2022-10-10 07:00:05.000,2022-10-10 07:00:13.000
News Pull,2022-10-10 07:00:05.000,2022-10-10 07:00:13.000
NewsDriver.ps1,2022-10-10 08:00:24.000,2022-10-10 08:00:33.000
News Pull,2022-10-10 08:00:25.000,2022-10-10 08:00:33.000
NewsDriver.ps1,2022-10-10 09:00:15.000,2022-10-10 09:00:23.000
News Pull,2022-10-10 09:00:16.000,2022-10-10 09:00:23.000
NewsDriver.ps1,2022-10-10 10:00:23.000,2022-10-10 10:00:31.000
News Pull,2022-10-10 10:00:25.000,2022-10-10 10:00:31.000
NewsDriver.ps1,2022-10-10 11:00:19.000,2022-10-10 11:00:27.000
News Pull,2022-10-10 11:00:20.000,2022-10-10 11:00:27.000
NewsDriver.ps1,2022-10-10 12:00:16.000,2022-10-10 12:00:26.000
News Pull,2022-10-10 12:00:18.000,2022-10-10 12:00:26.000
NewsDriver.ps1,2022-10-10 13:00:09.000,2022-10-10 13:00:15.000
News Pull,2022-10-10 13:00:09.000,2022-10-10 13:00:15.000
NewsDriver.ps1,2022-10-10 14:00:07.000,2022-10-10 14:00:13.000
News Pull,2022-10-10 14:00:07.000,2022-10-10 14:00:13.000
NewsDriver.ps1,2022-10-10 15:00:15.000,2022-10-10 15:00:23.000
News Pull,2022-10-10 15:00:16.000,2022-10-10 15:00:23.000
NewsDriver.ps1,2022-10-10 16:00:16.000,2022-10-10 16:00:29.000
News Pull,2022-10-10 16:00:16.000,2022-10-10 16:00:29.000
NewsDriver.ps1,2022-10-10 17:00:05.000,2022-10-10 17:00:12.000
News Pull,2022-10-10 17:00:05.000,2022-10-10 17:00:12.000
NewsDriver.ps1,2022-10-10 18:00:08.000,2022-10-10 18:00:17.000
News Pull,2022-10-10 18:00:11.000,2022-10-10 18:00:17.000
NewsDriver.ps1,2022-10-10 19:00:21.000,2022-10-10 19:00:29.000
News Pull,2022-10-10 19:00:22.000,2022-10-10 19:00:29.000
NewsDriver.ps1,2022-10-10 20:00:27.000,2022-10-10 20:00:39.000
News Pull,2022-10-10 20:00:29.000,2022-10-10 20:00:39.000
GetPersonnelPics.ps1,2022-10-10 21:30:15.000,2022-10-10 21:30:18.000
\Scheduled\Foundation\FoundationSync.ps1,2022-10-10 23:00:21.000,2022-10-11 00:17:31.000
NewsDriver.ps1,2022-10-11 06:00:03.000,2022-10-11 06:00:30.000
News Pull,2022-10-11 06:00:04.000,2022-10-11 06:00:30.000
NewsDriver.ps1,2022-10-11 07:00:05.000,2022-10-11 07:00:23.000
News Pull,2022-10-11 07:00:06.000,2022-10-11 07:00:23.000
NewsDriver.ps1,2022-10-11 08:00:22.000,2022-10-11 08:00:37.000
News Pull,2022-10-11 08:00:24.000,2022-10-11 08:00:37.000
NewsDriver.ps1,2022-10-11 09:00:26.000,2022-10-11 09:00:36.000
News Pull,2022-10-11 09:00:28.000,2022-10-11 09:00:36.000
NewsDriver.ps1,2022-10-11 10:00:04.000,2022-10-11 10:00:20.000
News Pull,2022-10-11 10:00:05.000,2022-10-11 10:00:20.000
NewsDriver.ps1,2022-10-11 11:00:27.000,2022-10-11 11:00:37.000
News Pull,2022-10-11 11:00:28.000,2022-10-11 11:00:37.000
NewsDriver.ps1,2022-10-11 12:00:20.000,2022-10-11 12:00:49.000
News Pull,2022-10-11 12:00:21.000,2022-10-11 12:00:48.000
NewsDriver.ps1,2022-10-11 13:00:04.000,2022-10-11 13:00:14.000
News Pull,2022-10-11 13:00:05.000,2022-10-11 13:00:14.000
NewsDriver.ps1,2022-10-11 14:00:22.000,2022-10-11 14:00:46.000
News Pull,2022-10-11 14:00:25.000,2022-10-11 14:00:46.000
NewsDriver.ps1,2022-10-11 15:00:05.000,2022-10-11 15:00:27.000
News Pull,2022-10-11 15:00:06.000,2022-10-11 15:00:27.000
NewsDriver.ps1,2022-10-11 16:00:22.000,2022-10-11 16:00:31.000
News Pull,2022-10-11 16:00:23.000,2022-10-11 16:00:31.000
NewsDriver.ps1,2022-10-11 17:05:12.000,2022-10-11 17:05:20.000
News Pull,2022-10-11 17:05:12.000,2022-10-11 17:05:20.000
NewsDriver.ps1,2022-10-11 18:00:25.000,2022-10-11 18:00:48.000
News Pull,2022-10-11 18:00:25.000,2022-10-11 18:00:48.000
NewsDriver.ps1,2022-10-11 19:00:17.000,2022-10-11 19:00:28.000
News Pull,2022-10-11 19:00:18.000,2022-10-11 19:00:28.000
NewsDriver.ps1,2022-10-11 20:00:24.000,2022-10-11 20:00:36.000
News Pull,2022-10-11 20:00:25.000,2022-10-11 20:00:36.000
GetPersonnelPics.ps1,2022-10-11 21:30:15.000,2022-10-11 21:30:19.000
\Scheduled\Foundation\FoundationSync.ps1,2022-10-11 23:00:19.000,2022-10-12 00:13:58.000
NewsDriver.ps1,2022-10-12 06:00:11.000,2022-10-12 06:01:08.000
News Pull,2022-10-12 06:00:14.000,2022-10-12 06:01:08.000
NewsDriver.ps1,2022-10-12 07:00:34.000,2022-10-12 07:01:02.000
News Pull,2022-10-12 07:00:35.000,2022-10-12 07:01:02.000
NewsDriver.ps1,2022-10-12 08:00:22.000,2022-10-12 08:00:35.000
News Pull,2022-10-12 08:00:25.000,2022-10-12 08:00:35.000
NewsDriver.ps1,2022-10-12 09:00:20.000,2022-10-12 09:00:32.000
News Pull,2022-10-12 09:00:22.000,2022-10-12 09:00:32.000
NewsDriver.ps1,2022-10-12 10:00:28.000,2022-10-12 10:00:42.000
News Pull,2022-10-12 10:00:29.000,2022-10-12 10:00:42.000
NewsDriver.ps1,2022-10-12 11:00:09.000,2022-10-12 11:00:32.000
News Pull,2022-10-12 11:00:11.000,2022-10-12 11:00:32.000
NewsDriver.ps1,2022-10-12 12:05:18.000,2022-10-12 12:05:26.000
News Pull,2022-10-12 12:05:18.000,2022-10-12 12:05:26.000
NewsDriver.ps1,2022-10-12 13:00:25.000,2022-10-12 13:00:38.000
News Pull,2022-10-12 13:00:25.000,2022-10-12 13:00:38.000
NewsDriver.ps1,2022-10-12 14:00:30.000,2022-10-12 14:00:54.000
News Pull,2022-10-12 14:00:31.000,2022-10-12 14:00:54.000
NewsDriver.ps1,2022-10-12 15:00:23.000,2022-10-12 15:00:31.000
News Pull,2022-10-12 15:00:24.000,2022-10-12 15:00:31.000
NewsDriver.ps1,2022-10-12 16:00:27.000,2022-10-12 16:00:39.000
News Pull,2022-10-12 16:00:29.000,2022-10-12 16:00:39.000
NewsDriver.ps1,2022-10-12 17:00:31.000,2022-10-12 17:00:52.000
News Pull,2022-10-12 17:00:32.000,2022-10-12 17:00:51.000
NewsDriver.ps1,2022-10-12 18:00:10.000,2022-10-12 18:00:44.000
News Pull,2022-10-12 18:00:12.000,2022-10-12 18:00:44.000
NewsDriver.ps1,2022-10-12 19:00:22.000,2022-10-12 19:00:36.000
News Pull,2022-10-12 19:00:23.000,2022-10-12 19:00:36.000
NewsDriver.ps1,2022-10-12 20:00:03.000,2022-10-12 20:00:23.000
News Pull,2022-10-12 20:00:04.000,2022-10-12 20:00:23.000
GetPersonnelPics.ps1,2022-10-12 21:30:06.000,2022-10-12 21:30:14.000
\Scheduled\Foundation\FoundationSync.ps1,2022-10-12 23:00:21.000,2022-10-13 00:19:29.000
NewsDriver.ps1,2022-10-13 06:05:15.000,2022-10-13 06:05:24.000
News Pull,2022-10-13 06:05:16.000,2022-10-13 06:05:24.000
NewsDriver.ps1,2022-10-13 07:00:12.000,2022-10-13 07:00:39.000
News Pull,2022-10-13 07:00:15.000,2022-10-13 07:00:39.000
NewsDriver.ps1,2022-10-13 08:00:27.000,2022-10-13 08:00:44.000
News Pull,2022-10-13 08:00:32.000,2022-10-13 08:00:44.000
NewsDriver.ps1,2022-10-13 09:00:04.000,2022-10-13 09:00:12.000
News Pull,2022-10-13 09:00:04.000,2022-10-13 09:00:12.000
NewsDriver.ps1,2022-10-13 10:00:22.000,2022-10-13 10:00:42.000
News Pull,2022-10-13 10:00:23.000,2022-10-13 10:00:42.000
NewsDriver.ps1,2022-10-13 11:00:23.000,2022-10-13 11:00:37.000
News Pull,2022-10-13 11:00:25.000,2022-10-13 11:00:37.000
NewsDriver.ps1,2022-10-13 12:00:26.000,2022-10-13 12:00:43.000
News Pull,2022-10-13 12:00:26.000,2022-10-13 12:00:43.000
RubyDriver.ps1,2022-10-13 12:57:36.000,2022-10-13 13:02:48.000
Full Pull,2022-10-13 12:57:38.000,2022-10-13 13:02:48.000
NewsDriver.ps1,2022-10-13 13:00:09.000,2022-10-13 13:00:50.000
News Pull,2022-10-13 13:00:11.000,2022-10-13 13:00:50.000
NewsDriver.ps1,2022-10-13 14:00:09.000,2022-10-13 14:00:31.000
News Pull,2022-10-13 14:00:11.000,2022-10-13 14:00:31.000
NewsDriver.ps1,2022-10-13 15:00:17.000,2022-10-13 15:00:27.000
News Pull,2022-10-13 15:00:20.000,2022-10-13 15:00:27.000
NewsDriver.ps1,2022-10-13 16:00:24.000,2022-10-13 16:00:38.000
News Pull,2022-10-13 16:00:25.000,2022-10-13 16:00:38.000
NewsDriver.ps1,2022-10-13 17:00:22.000,2022-10-13 17:00:34.000
News Pull,2022-10-13 17:00:23.000,2022-10-13 17:00:33.000
NewsDriver.ps1,2022-10-13 17:59:57.000,2022-10-13 18:00:15.000
News Pull,2022-10-13 17:59:59.000,2022-10-13 18:00:15.000
NewsDriver.ps1,2022-10-13 19:00:20.000,2022-10-13 19:00:28.000
News Pull,2022-10-13 19:00:21.000,2022-10-13 19:00:28.000
NewsDriver.ps1,2022-10-13 20:00:11.000,2022-10-13 20:00:35.000
News Pull,2022-10-13 20:00:13.000,2022-10-13 20:00:35.000
RubyDriver.ps1,2022-10-13 20:30:16.000,2022-10-13 20:36:20.000
Full Pull,2022-10-13 20:30:20.000,2022-10-13 20:36:20.000
GetPersonnelPics.ps1,2022-10-13 21:30:14.000,2022-10-13 21:30:28.000
\Scheduled\Foundation\FoundationSync.ps1,2022-10-13 23:00:29.000,2022-10-14 00:11:08.000
NewsDriver.ps1,2022-10-14 06:00:22.000,2022-10-14 06:00:37.000
News Pull,2022-10-14 06:00:23.000,2022-10-14 06:00:37.000
NewsDriver.ps1,2022-10-14 07:00:31.000,2022-10-14 07:00:41.000
News Pull,2022-10-14 07:00:33.000,2022-10-14 07:00:41.000
NewsDriver.ps1,2022-10-14 08:00:19.000,2022-10-14 08:00:26.000
News Pull,2022-10-14 08:00:20.000,2022-10-14 08:00:26.000
NewsDriver.ps1,2022-10-14 09:00:23.000,2022-10-14 09:00:31.000
News Pull,2022-10-14 09:00:25.000,2022-10-14 09:00:31.000
NewsDriver.ps1,2022-10-14 10:00:19.000,2022-10-14 10:00:27.000
News Pull,2022-10-14 10:00:19.000,2022-10-14 10:00:27.000
NewsDriver.ps1,2022-10-14 11:00:03.000,2022-10-14 11:00:17.000
News Pull,2022-10-14 11:00:04.000,2022-10-14 11:00:17.000
NewsDriver.ps1,2022-10-14 12:00:05.000,2022-10-14 12:00:16.000
News Pull,2022-10-14 12:00:07.000,2022-10-14 12:00:16.000
NewsDriver.ps1,2022-10-14 13:00:19.000,2022-10-14 13:00:34.000
News Pull,2022-10-14 13:00:20.000,2022-10-14 13:00:34.000
NewsDriver.ps1,2022-10-14 14:00:24.000,2022-10-14 14:00:34.000
News Pull,2022-10-14 14:00:25.000,2022-10-14 14:00:34.000
NewsDriver.ps1,2022-10-14 15:00:21.000,2022-10-14 15:00:27.000
News Pull,2022-10-14 15:00:22.000,2022-10-14 15:00:27.000
NewsDriver.ps1,2022-10-14 16:05:09.000,2022-10-14 16:05:15.000
News Pull,2022-10-14 16:05:09.000,2022-10-14 16:05:15.000
NewsDriver.ps1,2022-10-14 17:05:10.000,2022-10-14 17:05:17.000
News Pull,2022-10-14 17:05:11.000,2022-10-14 17:05:17.000
NewsDriver.ps1,2022-10-14 18:00:05.000,2022-10-14 18:00:18.000
News Pull,2022-10-14 18:00:06.000,2022-10-14 18:00:17.000
NewsDriver.ps1,2022-10-14 19:00:09.000,2022-10-14 19:00:16.000
News Pull,2022-10-14 19:00:10.000,2022-10-14 19:00:16.000
NewsDriver.ps1,2022-10-14 20:00:05.000,2022-10-14 20:00:16.000
News Pull,2022-10-14 20:00:06.000,2022-10-14 20:00:16.000
RubyDriver.ps1,2022-10-14 20:30:07.000,2022-10-14 20:35:58.000
Full Pull,2022-10-14 20:30:14.000,2022-10-14 20:35:58.000
GetPersonnelPics.ps1,2022-10-14 21:30:14.000,2022-10-14 21:30:19.000
\Scheduled\Foundation\FoundationSync.ps1,2022-10-14 23:00:26.000,2022-10-15 00:18:33.000
NewsDriver.ps1,2022-10-15 06:00:36.000,2022-10-15 06:01:10.000
News Pull,2022-10-15 06:00:37.000,2022-10-15 06:01:10.000
NewsDriver.ps1,2022-10-15 07:00:06.000,2022-10-15 07:00:13.000
News Pull,2022-10-15 07:00:07.000,2022-10-15 07:00:13.000
NewsDriver.ps1,2022-10-15 08:00:20.000,2022-10-15 08:00:30.000
News Pull,2022-10-15 08:00:21.000,2022-10-15 08:00:30.000
NewsDriver.ps1,2022-10-15 09:00:05.000,2022-10-15 09:00:11.000
News Pull,2022-10-15 09:00:06.000,2022-10-15 09:00:11.000
NewsDriver.ps1,2022-10-15 10:00:09.000,2022-10-15 10:00:16.000
News Pull,2022-10-15 10:00:10.000,2022-10-15 10:00:16.000
NewsDriver.ps1,2022-10-15 11:00:03.000,2022-10-15 11:00:09.000
News Pull,2022-10-15 11:00:03.000,2022-10-15 11:00:09.000
NewsDriver.ps1,2022-10-15 12:00:15.000,2022-10-15 12:00:22.000
News Pull,2022-10-15 12:00:16.000,2022-10-15 12:00:22.000
NewsDriver.ps1,2022-10-15 13:00:04.000,2022-10-15 13:00:10.000
News Pull,2022-10-15 13:00:05.000,2022-10-15 13:00:10.000
NewsDriver.ps1,2022-10-15 14:00:15.000,2022-10-15 14:00:21.000
News Pull,2022-10-15 14:00:15.000,2022-10-15 14:00:21.000
NewsDriver.ps1,2022-10-15 15:00:08.000,2022-10-15 15:00:14.000
News Pull,2022-10-15 15:00:08.000,2022-10-15 15:00:14.000
NewsDriver.ps1,2022-10-15 16:00:38.000,2022-10-15 16:00:52.000
News Pull,2022-10-15 16:00:40.000,2022-10-15 16:00:52.000
NewsDriver.ps1,2022-10-15 17:00:25.000,2022-10-15 17:00:40.000
News Pull,2022-10-15 17:00:25.000,2022-10-15 17:00:40.000
NewsDriver.ps1,2022-10-15 17:59:55.000,2022-10-15 18:00:03.000
News Pull,2022-10-15 17:59:56.000,2022-10-15 18:00:02.000
NewsDriver.ps1,2022-10-15 18:59:51.000,2022-10-15 18:59:57.000
News Pull,2022-10-15 18:59:52.000,2022-10-15 18:59:57.000
NewsDriver.ps1,2022-10-15 20:00:07.000,2022-10-15 20:00:18.000
News Pull,2022-10-15 20:00:08.000,2022-10-15 20:00:18.000
RubyDriver.ps1,2022-10-15 20:30:02.000,2022-10-15 20:36:16.000
Full Pull,2022-10-15 20:30:07.000,2022-10-15 20:36:16.000
GetPersonnelPics.ps1,2022-10-15 21:30:05.000,2022-10-15 21:30:14.000
\Scheduled\Foundation\FoundationSync.ps1,2022-10-15 23:00:17.000,2022-10-16 00:08:53.000
NewsDriver.ps1,2022-10-16 06:00:06.000,2022-10-16 06:00:17.000
News Pull,2022-10-16 06:00:07.000,2022-10-16 06:00:17.000
MarketCap.ps1,2022-10-16 06:05:17.000,NULL
NewsDriver.ps1,2022-10-16 07:00:08.000,2022-10-16 07:00:17.000
News Pull,2022-10-16 07:00:08.000,2022-10-16 07:00:17.000
NewsDriver.ps1,2022-10-16 08:00:16.000,2022-10-16 08:00:24.000
News Pull,2022-10-16 08:00:17.000,2022-10-16 08:00:24.000
NewsDriver.ps1,2022-10-16 09:00:21.000,2022-10-16 09:00:29.000
News Pull,2022-10-16 09:00:21.000,2022-10-16 09:00:29.000
NewsDriver.ps1,2022-10-16 09:59:59.000,2022-10-16 10:00:14.000
News Pull,2022-10-16 09:59:59.000,2022-10-16 10:00:14.000
NewsDriver.ps1,2022-10-16 11:00:17.000,2022-10-16 11:00:25.000
News Pull,2022-10-16 11:00:18.000,2022-10-16 11:00:25.000
NewsDriver.ps1,2022-10-16 12:00:22.000,2022-10-16 12:00:29.000
News Pull,2022-10-16 12:00:23.000,2022-10-16 12:00:29.000
NewsDriver.ps1,2022-10-16 13:00:05.000,2022-10-16 13:00:17.000
News Pull,2022-10-16 13:00:07.000,2022-10-16 13:00:17.000
NewsDriver.ps1,2022-10-16 14:00:34.000,2022-10-16 14:00:49.000
News Pull,2022-10-16 14:00:35.000,2022-10-16 14:00:49.000
NewsDriver.ps1,2022-10-16 15:05:11.000,2022-10-16 15:05:17.000
News Pull,2022-10-16 15:05:11.000,2022-10-16 15:05:17.000
NewsDriver.ps1,2022-10-16 15:26:51.000,2022-10-16 15:26:57.000
News Pull,2022-10-16 15:26:51.000,2022-10-16 15:26:57.000
NewsDriver.ps1,2022-10-16 16:05:11.000,2022-10-16 16:05:18.000
News Pull,2022-10-16 16:05:11.000,2022-10-16 16:05:18.000
NewsDriver.ps1,2022-10-16 17:00:23.000,2022-10-16 17:00:44.000
News Pull,2022-10-16 17:00:24.000,2022-10-16 17:00:44.000
NewsDriver.ps1,2022-10-16 18:00:22.000,2022-10-16 18:00:35.000
News Pull,2022-10-16 18:00:23.000,2022-10-16 18:00:35.000
NewsDriver.ps1,2022-10-16 19:00:25.000,2022-10-16 19:00:33.000
News Pull,2022-10-16 19:00:26.000,2022-10-16 19:00:33.000
NewsDriver.ps1,2022-10-16 20:00:09.000,2022-10-16 20:00:20.000
News Pull,2022-10-16 20:00:10.000,2022-10-16 20:00:20.000
RubyDriver.ps1,2022-10-16 20:30:03.000,2022-10-16 20:36:28.000
Full Pull,2022-10-16 20:30:08.000,2022-10-16 20:36:28.000
GetPersonnelPics.ps1,2022-10-16 21:30:19.000,2022-10-16 21:30:23.000
\Scheduled\Foundation\FoundationSync.ps1,2022-10-16 23:00:33.000,2022-10-17 00:13:08.000
NewsDriver.ps1,2022-10-17 06:00:10.000,2022-10-17 06:00:28.000
News Pull,2022-10-17 06:00:11.000,2022-10-17 06:00:28.000
NewsDriver.ps1,2022-10-17 07:00:13.000,2022-10-17 07:00:24.000
News Pull,2022-10-17 07:00:14.000,2022-10-17 07:00:24.000
NewsDriver.ps1,2022-10-17 08:00:27.000,2022-10-17 08:00:36.000
News Pull,2022-10-17 08:00:27.000,2022-10-17 08:00:36.000
NewsDriver.ps1,2022-10-17 09:00:33.000,2022-10-17 09:00:40.000
News Pull,2022-10-17 09:00:34.000,2022-10-17 09:00:40.000
NewsDriver.ps1,2022-10-17 10:00:20.000,2022-10-17 10:00:48.000
News Pull,2022-10-17 10:00:21.000,2022-10-17 10:00:48.000
NewsDriver.ps1,2022-10-17 11:00:32.000,2022-10-17 11:00:41.000
News Pull,2022-10-17 11:00:33.000,2022-10-17 11:00:41.000
NewsDriver.ps1,2022-10-17 12:05:25.000,2022-10-17 12:05:32.000
News Pull,2022-10-17 12:05:26.000,2022-10-17 12:05:32.000
NewsDriver.ps1,2022-10-17 13:00:23.000,2022-10-17 13:00:38.000
News Pull,2022-10-17 13:00:24.000,2022-10-17 13:00:38.000
NewsDriver.ps1,2022-10-17 14:00:47.000,2022-10-17 14:00:57.000
News Pull,2022-10-17 14:00:48.000,2022-10-17 14:00:57.000
NewsDriver.ps1,2022-10-17 15:00:26.000,2022-10-17 15:00:33.000
News Pull,2022-10-17 15:00:27.000,2022-10-17 15:00:33.000
NewsDriver.ps1,2022-10-17 16:00:46.000,2022-10-17 16:00:54.000
News Pull,2022-10-17 16:00:47.000,2022-10-17 16:00:54.000
NewsDriver.ps1,2022-10-17 17:05:17.000,2022-10-17 17:05:23.000
News Pull,2022-10-17 17:05:17.000,2022-10-17 17:05:23.000
NewsDriver.ps1,2022-10-17 18:00:25.000,2022-10-17 18:00:51.000
News Pull,2022-10-17 18:00:26.000,2022-10-17 18:00:51.000
NewsDriver.ps1,2022-10-17 19:00:10.000,2022-10-17 19:00:21.000
News Pull,2022-10-17 19:00:11.000,2022-10-17 19:00:21.000
NewsDriver.ps1,2022-10-17 20:05:09.000,2022-10-17 20:05:16.000
News Pull,2022-10-17 20:05:09.000,2022-10-17 20:05:16.000
NewsDriver.ps1,2022-10-17 20:26:56.000,2022-10-17 20:27:02.000
News Pull,2022-10-17 20:26:56.000,2022-10-17 20:27:02.000
RubyDriver.ps1,2022-10-17 20:30:21.000,2022-10-17 20:35:51.000
Full Pull,2022-10-17 20:30:25.000,2022-10-17 20:35:51.000
GetPersonnelPics.ps1,2022-10-17 21:30:16.000,2022-10-17 21:30:24.000
\Scheduled\Foundation\FoundationSync.ps1,2022-10-17 23:00:20.000,2022-10-18 00:10:27.000
NewsDriver.ps1,2022-10-18 06:00:07.000,2022-10-18 06:00:14.000
News Pull,2022-10-18 06:00:08.000,2022-10-18 06:00:14.000
NewsDriver.ps1,2022-10-18 07:00:39.000,2022-10-18 07:00:52.000
News Pull,2022-10-18 07:00:40.000,2022-10-18 07:00:52.000
NewsDriver.ps1,2022-10-18 08:00:11.000,2022-10-18 08:00:18.000
News Pull,2022-10-18 08:00:12.000,2022-10-18 08:00:18.000
NewsDriver.ps1,2022-10-18 09:05:07.000,2022-10-18 09:05:13.000
News Pull,2022-10-18 09:05:08.000,2022-10-18 09:05:13.000
NewsDriver.ps1,2022-10-18 10:00:04.000,2022-10-18 10:00:13.000
News Pull,2022-10-18 10:00:05.000,2022-10-18 10:00:13.000
NewsDriver.ps1,2022-10-18 11:00:21.000,2022-10-18 11:00:34.000
News Pull,2022-10-18 11:00:22.000,2022-10-18 11:00:34.000
NewsDriver.ps1,2022-10-18 12:00:03.000,2022-10-18 12:00:16.000
News Pull,2022-10-18 12:00:04.000,2022-10-18 12:00:16.000
NewsDriver.ps1,2022-10-18 13:00:03.000,2022-10-18 13:00:10.000
News Pull,2022-10-18 13:00:03.000,2022-10-18 13:00:10.000
NewsDriver.ps1,2022-10-18 14:00:06.000,2022-10-18 14:00:13.000
News Pull,2022-10-18 14:00:07.000,2022-10-18 14:00:13.000
NewsDriver.ps1,2022-10-18 15:00:07.000,2022-10-18 15:00:28.000
News Pull,2022-10-18 15:00:08.000,2022-10-18 15:00:28.000
NewsDriver.ps1,2022-10-18 16:00:07.000,2022-10-18 16:00:14.000
News Pull,2022-10-18 16:00:07.000,2022-10-18 16:00:14.000
NewsDriver.ps1,2022-10-18 17:00:20.000,2022-10-18 17:00:37.000
News Pull,2022-10-18 17:00:21.000,2022-10-18 17:00:37.000
NewsDriver.ps1,2022-10-18 18:00:29.000,2022-10-18 18:00:37.000
News Pull,2022-10-18 18:00:29.000,2022-10-18 18:00:37.000
NewsDriver.ps1,2022-10-18 19:00:04.000,2022-10-18 19:00:11.000
News Pull,2022-10-18 19:00:05.000,2022-10-18 19:00:11.000
NewsDriver.ps1,2022-10-18 20:00:26.000,2022-10-18 20:00:33.000
News Pull,2022-10-18 20:00:26.000,2022-10-18 20:00:33.000
RubyDriver.ps1,2022-10-18 20:30:08.000,2022-10-18 20:36:30.000
Full Pull,2022-10-18 20:30:14.000,2022-10-18 20:36:30.000
GetPersonnelPics.ps1,2022-10-18 21:30:05.000,2022-10-18 21:30:19.000
\Scheduled\Foundation\FoundationSync.ps1,2022-10-18 23:00:25.000,2022-10-19 00:14:04.000
NewsDriver.ps1,2022-10-19 06:00:28.000,2022-10-19 06:00:47.000
News Pull,2022-10-19 06:00:30.000,2022-10-19 06:00:47.000
NewsDriver.ps1,2022-10-19 07:00:24.000,2022-10-19 07:00:37.000
News Pull,2022-10-19 07:00:26.000,2022-10-19 07:00:37.000
NewsDriver.ps1,2022-10-19 08:00:06.000,2022-10-19 08:00:13.000
News Pull,2022-10-19 08:00:06.000,2022-10-19 08:00:13.000
NewsDriver.ps1,2022-10-19 09:00:15.000,2022-10-19 09:00:22.000
News Pull,2022-10-19 09:00:15.000,2022-10-19 09:00:22.000
NewsDriver.ps1,2022-10-19 10:00:03.000,2022-10-19 10:00:10.000
News Pull,2022-10-19 10:00:03.000,2022-10-19 10:00:10.000
NewsDriver.ps1,2022-10-19 11:00:27.000,2022-10-19 11:00:35.000
News Pull,2022-10-19 11:00:28.000,2022-10-19 11:00:35.000
NewsDriver.ps1,2022-10-19 12:00:20.000,2022-10-19 12:00:28.000
News Pull,2022-10-19 12:00:21.000,2022-10-19 12:00:28.000
NewsDriver.ps1,2022-10-19 13:00:21.000,2022-10-19 13:00:29.000
News Pull,2022-10-19 13:00:21.000,2022-10-19 13:00:29.000
NewsDriver.ps1,2022-10-19 14:05:08.000,2022-10-19 14:05:14.000
News Pull,2022-10-19 14:05:08.000,2022-10-19 14:05:14.000
NewsDriver.ps1,2022-10-19 15:00:06.000,2022-10-19 15:00:41.000
News Pull,2022-10-19 15:00:06.000,2022-10-19 15:00:41.000
NewsDriver.ps1,2022-10-19 16:00:08.000,2022-10-19 16:00:15.000
News Pull,2022-10-19 16:00:09.000,2022-10-19 16:00:15.000
NewsDriver.ps1,2022-10-19 17:00:04.000,2022-10-19 17:00:11.000
News Pull,2022-10-19 17:00:05.000,2022-10-19 17:00:11.000
NewsDriver.ps1,2022-10-19 18:00:02.000,2022-10-19 18:00:09.000
News Pull,2022-10-19 18:00:03.000,2022-10-19 18:00:09.000
NewsDriver.ps1,2022-10-19 19:05:08.000,2022-10-19 19:05:17.000
News Pull,2022-10-19 19:05:09.000,2022-10-19 19:05:17.000
NewsDriver.ps1,2022-10-19 20:00:21.000,2022-10-19 20:00:37.000
News Pull,2022-10-19 20:00:22.000,2022-10-19 20:00:37.000
RubyDriver.ps1,2022-10-19 20:30:18.000,2022-10-19 20:36:32.000
Full Pull,2022-10-19 20:30:21.000,2022-10-19 20:36:31.000
GetPersonnelPics.ps1,2022-10-19 21:30:17.000,2022-10-19 21:30:25.000
\Scheduled\Foundation\FoundationSync.ps1,2022-10-19 23:00:24.000,2022-10-22 00:09:48.000
NewsDriver.ps1,2022-10-20 06:00:04.000,2022-10-20 06:00:14.000
News Pull,2022-10-20 06:00:05.000,2022-10-20 06:00:14.000
NewsDriver.ps1,2022-10-20 07:00:21.000,2022-10-20 07:00:43.000
News Pull,2022-10-20 07:00:23.000,2022-10-20 07:00:43.000
NewsDriver.ps1,2022-10-20 08:00:22.000,2022-10-20 08:00:32.000
News Pull,2022-10-20 08:00:23.000,2022-10-20 08:00:32.000
NewsDriver.ps1,2022-10-20 09:00:06.000,2022-10-20 09:00:15.000
News Pull,2022-10-20 09:00:07.000,2022-10-20 09:00:15.000
NewsDriver.ps1,2022-10-20 10:00:24.000,2022-10-20 10:00:57.000
News Pull,2022-10-20 10:00:25.000,2022-10-20 10:00:57.000
NewsDriver.ps1,2022-10-20 11:00:23.000,2022-10-20 11:00:34.000
News Pull,2022-10-20 11:00:24.000,2022-10-20 11:00:34.000
NewsDriver.ps1,2022-10-20 12:00:24.000,2022-10-20 12:00:44.000
News Pull,2022-10-20 12:00:25.000,2022-10-20 12:00:44.000
NewsDriver.ps1,2022-10-20 13:00:14.000,2022-10-20 13:00:31.000
News Pull,2022-10-20 13:00:16.000,2022-10-20 13:00:31.000
NewsDriver.ps1,2022-10-20 14:00:27.000,2022-10-20 14:00:42.000
News Pull,2022-10-20 14:00:29.000,2022-10-20 14:00:42.000
NewsDriver.ps1,2022-10-20 15:00:25.000,2022-10-20 15:00:38.000
News Pull,2022-10-20 15:00:26.000,2022-10-20 15:00:38.000
NewsDriver.ps1,2022-10-20 16:00:24.000,2022-10-20 16:00:39.000
News Pull,2022-10-20 16:00:26.000,2022-10-20 16:00:39.000
NewsDriver.ps1,2022-10-20 17:00:05.000,2022-10-20 17:00:34.000
News Pull,2022-10-20 17:00:07.000,2022-10-20 17:00:34.000
NewsDriver.ps1,2022-10-20 18:00:08.000,2022-10-20 18:00:30.000
News Pull,2022-10-20 18:00:10.000,2022-10-20 18:00:30.000
NewsDriver.ps1,2022-10-20 19:05:08.000,2022-10-20 19:05:16.000
News Pull,2022-10-20 19:05:08.000,2022-10-20 19:05:16.000
NewsDriver.ps1,2022-10-20 20:00:24.000,2022-10-20 20:00:36.000
News Pull,2022-10-20 20:00:25.000,2022-10-20 20:00:36.000
RubyDriver.ps1,2022-10-20 20:30:03.000,2022-10-20 20:37:03.000
Full Pull,2022-10-20 20:30:09.000,2022-10-20 20:37:03.000
GetPersonnelPics.ps1,2022-10-20 21:30:04.000,2022-10-20 21:30:12.000
\Scheduled\Foundation\FoundationSync.ps1,2022-10-20 23:00:22.000,2022-10-22 00:09:48.000
NewsDriver.ps1,2022-10-21 06:00:31.000,2022-10-21 06:01:06.000
News Pull,2022-10-21 06:00:35.000,2022-10-21 06:01:05.000
NewsDriver.ps1,2022-10-21 07:05:10.000,2022-10-21 07:05:17.000
News Pull,2022-10-21 07:05:10.000,2022-10-21 07:05:17.000
NewsDriver.ps1,2022-10-21 08:00:04.000,2022-10-21 08:00:14.000
News Pull,2022-10-21 08:00:05.000,2022-10-21 08:00:14.000
NewsDriver.ps1,2022-10-21 09:00:15.000,2022-10-21 09:00:28.000
News Pull,2022-10-21 09:00:17.000,2022-10-21 09:00:28.000
NewsDriver.ps1,2022-10-21 10:00:25.000,2022-10-21 10:00:40.000
News Pull,2022-10-21 10:00:26.000,2022-10-21 10:00:39.000
NewsDriver.ps1,2022-10-21 11:00:29.000,2022-10-21 11:00:37.000
News Pull,2022-10-21 11:00:30.000,2022-10-21 11:00:37.000
NewsDriver.ps1,2022-10-21 12:00:06.000,2022-10-21 12:00:22.000
News Pull,2022-10-21 12:00:07.000,2022-10-21 12:00:22.000
NewsDriver.ps1,2022-10-21 13:00:21.000,2022-10-21 13:00:29.000
News Pull,2022-10-21 13:00:22.000,2022-10-21 13:00:29.000
NewsDriver.ps1,2022-10-21 14:00:05.000,2022-10-21 14:00:18.000
News Pull,2022-10-21 14:00:06.000,2022-10-21 14:00:18.000
NewsDriver.ps1,2022-10-21 15:05:09.000,2022-10-21 15:05:17.000
News Pull,2022-10-21 15:05:10.000,2022-10-21 15:05:17.000
NewsDriver.ps1,2022-10-21 16:00:18.000,2022-10-21 16:00:28.000
News Pull,2022-10-21 16:00:19.000,2022-10-21 16:00:28.000
NewsDriver.ps1,2022-10-21 17:05:13.000,2022-10-21 17:05:20.000
News Pull,2022-10-21 17:05:13.000,2022-10-21 17:05:20.000
NewsDriver.ps1,2022-10-21 18:00:31.000,2022-10-21 18:00:44.000
News Pull,2022-10-21 18:00:32.000,2022-10-21 18:00:44.000
NewsDriver.ps1,2022-10-21 19:00:14.000,2022-10-21 19:00:31.000
News Pull,2022-10-21 19:00:15.000,2022-10-21 19:00:31.000
NewsDriver.ps1,2022-10-21 20:00:04.000,2022-10-21 20:00:15.000
News Pull,2022-10-21 20:00:05.000,2022-10-21 20:00:15.000
RubyDriver.ps1,2022-10-21 20:30:09.000,2022-10-21 20:36:04.000
Full Pull,2022-10-21 20:30:16.000,2022-10-21 20:36:04.000
GetPersonnelPics.ps1,2022-10-21 21:30:16.000,2022-10-21 21:30:19.000
\Scheduled\Foundation\FoundationSync.ps1,2022-10-21 23:00:09.000,2022-10-22 00:09:48.000
NewsDriver.ps1,2022-10-22 06:00:06.000,2022-10-22 06:01:34.000
News Pull,2022-10-22 06:00:06.000,2022-10-22 06:01:34.000
NewsDriver.ps1,2022-10-22 07:00:20.000,2022-10-22 07:00:42.000
News Pull,2022-10-22 07:00:21.000,2022-10-22 07:00:42.000
NewsDriver.ps1,2022-10-22 08:00:26.000,2022-10-22 08:00:35.000
News Pull,2022-10-22 08:00:27.000,2022-10-22 08:00:35.000
NewsDriver.ps1,2022-10-22 09:00:14.000,2022-10-22 09:00:26.000
News Pull,2022-10-22 09:00:15.000,2022-10-22 09:00:26.000
NewsDriver.ps1,2022-10-22 10:00:16.000,2022-10-22 10:00:26.000
News Pull,2022-10-22 10:00:17.000,2022-10-22 10:00:26.000
NewsDriver.ps1,2022-10-22 11:05:14.000,2022-10-22 11:05:22.000
News Pull,2022-10-22 11:05:15.000,2022-10-22 11:05:22.000
NewsDriver.ps1,2022-10-22 12:00:06.000,2022-10-22 12:00:20.000
News Pull,2022-10-22 12:00:07.000,2022-10-22 12:00:20.000
NewsDriver.ps1,2022-10-22 13:05:14.000,2022-10-22 13:05:21.000
News Pull,2022-10-22 13:05:14.000,2022-10-22 13:05:21.000
NewsDriver.ps1,2022-10-22 15:00:11.000,2022-10-22 15:00:29.000
News Pull,2022-10-22 15:00:14.000,2022-10-22 15:00:29.000
NewsDriver.ps1,2022-10-22 16:00:12.000,2022-10-22 16:00:23.000
News Pull,2022-10-22 16:00:13.000,2022-10-22 16:00:23.000
NewsDriver.ps1,2022-10-22 17:00:26.000,2022-10-22 17:00:39.000
News Pull,2022-10-22 17:00:27.000,2022-10-22 17:00:39.000
NewsDriver.ps1,2022-10-22 18:00:03.000,2022-10-22 18:00:16.000
News Pull,2022-10-22 18:00:04.000,2022-10-22 18:00:16.000
NewsDriver.ps1,2022-10-22 19:00:09.000,2022-10-22 19:00:18.000
News Pull,2022-10-22 19:00:10.000,2022-10-22 19:00:18.000
NewsDriver.ps1,2022-10-22 20:00:27.000,2022-10-22 20:00:36.000
News Pull,2022-10-22 20:00:28.000,2022-10-22 20:00:36.000
RubyDriver.ps1,2022-10-22 20:30:17.000,2022-10-22 20:35:41.000
Full Pull,2022-10-22 20:30:21.000,2022-10-22 20:35:41.000
\Scheduled\Foundation\FoundationSync.ps1,2022-10-22 23:00:19.000,2022-10-23 00:02:26.000
MarketCap.ps1,2022-10-23 06:00:36.000,NULL
RubyDriver.ps1,2022-10-23 20:28:39.000,2022-10-23 20:32:30.000
Full Pull,2022-10-23 20:28:44.000,2022-10-23 20:32:30.000
GetPersonnelPics.ps1,2022-10-23 21:28:32.000,2022-10-23 21:28:35.000
\Scheduled\Foundation\FoundationSync.ps1,2022-10-23 23:00:18.000,2022-10-24 00:09:58.000
RubyDriver.ps1,2022-10-24 20:30:17.000,2022-10-24 20:33:23.000
Full Pull,2022-10-24 20:30:23.000,2022-10-24 20:33:23.000
GetPersonnelPics.ps1,2022-10-24 21:30:13.000,2022-10-24 21:30:19.000
\Scheduled\Foundation\FoundationSync.ps1,2022-10-24 23:00:21.000,2022-10-25 00:09:29.000
RubyDriver.ps1,2022-10-25 20:30:18.000,2022-10-25 20:35:55.000
Full Pull,2022-10-25 20:30:25.000,2022-10-25 20:35:55.000
GetPersonnelPics.ps1,2022-10-25 21:30:17.000,2022-10-25 21:30:22.000
\Scheduled\Foundation\FoundationSync.ps1,2022-10-25 23:00:19.000,2022-10-26 00:12:27.000
RubyDriver.ps1,2022-10-26 20:30:19.000,2022-10-26 20:36:30.000
Full Pull,2022-10-26 20:30:25.000,2022-10-26 20:36:30.000
GetPersonnelPics.ps1,2022-10-26 21:30:12.000,2022-10-26 21:30:17.000
\Scheduled\Foundation\FoundationSync.ps1,2022-10-26 23:00:04.000,2022-10-27 00:18:41.000
RubyDriver.ps1,2022-10-27 20:30:16.000,2022-10-27 20:38:21.000
Full Pull,2022-10-27 20:30:24.000,2022-10-27 20:38:21.000
GetPersonnelPics.ps1,2022-10-27 21:30:16.000,2022-10-27 21:30:25.000
\Scheduled\Foundation\FoundationSync.ps1,2022-10-27 23:00:22.000,2022-10-29 00:17:32.000
RubyDriver.ps1,2022-10-28 20:30:18.000,2022-10-28 20:33:54.000
Full Pull,2022-10-28 20:30:23.000,2022-10-28 20:33:54.000
GetPersonnelPics.ps1,2022-10-28 21:30:14.000,2022-10-28 21:30:20.000
\Scheduled\Foundation\FoundationSync.ps1,2022-10-28 23:00:21.000,2022-10-29 00:17:32.000
RubyDriver.ps1,2022-10-29 20:30:20.000,2022-10-29 20:36:37.000
Full Pull,2022-10-29 20:30:25.000,2022-10-29 20:36:37.000
GetPersonnelPics.ps1,2022-10-29 21:30:18.000,2022-10-29 21:30:21.000
\Scheduled\Foundation\FoundationSync.ps1,2022-10-29 23:00:20.000,2022-10-30 00:16:58.000
MarketCap.ps1,2022-10-30 06:00:25.000,NULL
RubyDriver.ps1,2022-10-30 20:30:14.000,2022-10-30 20:36:42.000
Full Pull,2022-10-30 20:30:22.000,2022-10-30 20:36:42.000
GetPersonnelPics.ps1,2022-10-30 21:30:16.000,2022-10-30 21:30:20.000
\Scheduled\Foundation\FoundationSync.ps1,2022-10-30 23:00:18.000,2022-10-31 00:18:26.000
RubyDriver.ps1,2022-10-31 07:31:41.000,2022-10-31 07:32:10.000
Full Pull,2022-10-31 07:31:43.000,2022-10-31 07:32:10.000
RubyDriver.ps1,2022-10-31 20:30:14.000,2022-10-31 20:36:29.000
Full Pull,2022-10-31 20:30:20.000,2022-10-31 20:36:29.000
GetPersonnelPics.ps1,2022-10-31 21:30:16.000,2022-10-31 21:30:23.000
\Scheduled\Foundation\FoundationSync.ps1,2022-10-31 23:00:22.000,2022-11-01 00:15:02.000
RubyDriver.ps1,2022-11-01 20:30:18.000,2022-11-01 20:37:12.000
Full Pull,2022-11-01 20:30:23.000,2022-11-01 20:37:12.000
GetPersonnelPics.ps1,2022-11-01 21:30:14.000,2022-11-01 21:30:20.000
\Scheduled\Foundation\FoundationSync.ps1,2022-11-01 23:00:18.000,NULL
